Type,PlayerId,Team,Position,ControlArea,TotalControlArea,CenterControlArea,PenaltyAreaControl,Frames,label,date
Player,M. Delac,Horsens,GK,163934817.93594143,163934817.93594143,77692133.46880054,70907898.83619745,144214,Kolding vs Horsens,2023-07-23
Player,C. Petersen,Kolding,GK,156900387.7870864,156900387.7870864,71415835.12116021,72179939.19887133,144214,Kolding vs Horsens,2023-07-23
Player,J. Buus,Horsens,RB,68380650.94612136,68380650.94612136,63414510.8998573,2441875.924212196,144214,Kolding vs Horsens,2023-07-23
Player,M. Vestergard,Kolding,LWB,47581196.42386874,47581196.42386874,41590083.842388816,2517826.838542359,144214,Kolding vs Horsens,2023-07-23
Player,P. Tjornelund,Kolding,CB,47124090.95693865,47124090.95693865,40908850.29384845,3953881.094997781,144214,Kolding vs Horsens,2023-07-23
Player,A. Ludwig,Horsens,LCB,42599636.81629306,42599636.81629306,38084355.2219251,2836793.6184733342,144214,Kolding vs Horsens,2023-07-23
Player,J. Kiilerich,Kolding,LCB,42370143.27044387,42370143.27044387,35026655.14598347,4106129.7229885687,144214,Kolding vs Horsens,2023-07-23
Player,M. Kiilerich,Horsens,RCB,41422519.50583102,41422519.50583102,36551948.17779079,3333899.940124167,144214,Kolding vs Horsens,2023-07-23
Player,S. Trier,Kolding,RCB,39734142.6709829,39734142.6709829,31729768.027438086,3407391.513405515,144214,Kolding vs Horsens,2023-07-23
Player,A. Saine,Horsens,LB,39432826.674424455,39432826.674424455,35241853.91356456,1700106.7502760042,118406,Kolding vs Horsens,2023-07-23
Player,D. Wilkins,Kolding,RWB,29303294.558402214,29303294.558402214,24188239.650762927,1734133.625010098,104662,Kolding vs Horsens,2023-07-23
Player,T. Mikkelsen,Kolding,LF,28141933.747188672,28141933.747188672,23674129.287098154,2467858.068556711,121280,Kolding vs Horsens,2023-07-23
Player,A. Sigurdarson,Horsens,LM,25977274.46350724,25977274.46350724,22851845.814293236,1093911.3275798361,144214,Kolding vs Horsens,2023-07-23
Player,J. Ankersen,Horsens,RM,22215512.37114891,22215512.37114891,19504956.79954995,1461059.4688779833,144214,Kolding vs Horsens,2023-07-23
Player,A. Jacobsen,Horsens,ST,21037191.99113925,21037191.99113925,17254588.958814498,2612112.330246063,144214,Kolding vs Horsens,2023-07-23
Player,S. Sommer,Kolding,CAM,20302881.641204122,20302881.641204122,17386409.409194194,999607.4356811941,144214,Kolding vs Horsens,2023-07-23
Player,A. Norager,Kolding,SUB,18580142.71232663,18580142.71232663,15698247.038801989,1209540.5902602149,39552,Kolding vs Horsens,2023-07-23
Player,P. Ngongo,Kolding,RF,16291846.077802299,16291846.077802299,13871609.847572057,1309004.8308190007,127632,Kolding vs Horsens,2023-07-23
Player,M. Jespersen,Kolding,LDM,15738885.148828035,15738885.148828035,14553487.327067247,609296.8527876907,104662,Kolding vs Horsens,2023-07-23
Player,E. Just,Horsens,CAM,12493871.20999458,12493871.20999458,10976615.086479334,682975.2931578701,94878,Kolding vs Horsens,2023-07-23
Player,D. Kruse,Horsens,RDM,12343700.041596552,12343700.041596552,11367729.947205044,689381.2108515814,111173,Kolding vs Horsens,2023-07-23
Player,M. Opondo,Horsens,LDM,11316290.97507318,11316290.97507318,9812282.409740422,893283.2060310838,110845,Kolding vs Horsens,2023-07-23
Player,T. Sommer,Kolding,SUB,9984505.085515348,9984505.085515348,8845303.87199888,686917.5149788912,75095,Kolding vs Horsens,2023-07-23
Player,M. Lassen,Horsens,SUB,9806734.609843537,9806734.609843537,8674889.887505053,464675.47185175424,33369,Kolding vs Horsens,2023-07-23
Player,C. Kudsk,Kolding,RDM,9117876.786782982,9117876.786782982,8500162.660208713,408243.94498252444,69119,Kolding vs Horsens,2023-07-23
Player,Edmilson dos Santos,Horsens,SUB,5748450.093726903,5748450.093726903,5169039.83022045,184893.82968148583,25808,Kolding vs Horsens,2023-07-23
Player,A. Beck,Kolding,SUB,5016133.808147738,5016133.808147738,4602743.901132488,315404.49439568305,39552,Kolding vs Horsens,2023-07-23
Player,F. Heiselberg,Horsens,SUB,4712762.800977898,4712762.800977898,3656324.3225436355,751337.9257089127,49336,Kolding vs Horsens,2023-07-23
Player,M. Kristensen,Kolding,SUB,2853003.810342241,2853003.810342241,1894184.696518292,435871.7300944803,22934,Kolding vs Horsens,2023-07-23
Player,F. Kristensen,Horsens,SUB,2793706.2063122774,2793706.2063122774,2467961.3031595247,286580.60821180197,33041,Kolding vs Horsens,2023-07-23
Player,S. Denius,Kolding,SUB,1950226.8866602862,1950226.8866602862,1656419.02130417,100299.11706281977,16582,Kolding vs Horsens,2023-07-23
Team,None,Kolding,None,nan,nan,2465.378736755566,668.7377548187937,None,Kolding vs Horsens,2023-07-23
Team,None,Horsens,None,nan,nan,2515.1582789566223,626.4356147217262,None,Kolding vs Horsens,2023-07-23
Player,J. Posavec,AaB,GK,194838130.47556114,194838130.47556114,92526922.54207507,84774266.53246254,151442,AaB vs Horsens,2023-07-29
Player,M. Delac,Horsens,GK,161599334.0490527,161599334.0490527,69329355.72437891,74981388.4656766,151442,AaB vs Horsens,2023-07-29
Player,K. Jorgensen,AaB,RB,57285910.67491539,57285910.67491539,51174846.44426457,2273019.7305285796,151442,AaB vs Horsens,2023-07-29
Player,A. Saine,Horsens,LCB,54015462.32319141,54015462.32319141,48297531.3909302,3004698.0354054943,151442,AaB vs Horsens,2023-07-29
Player,J. Ahlmann,AaB,LB,51250418.29539474,51250418.29539474,47296327.89196386,1714293.5451172886,94957,AaB vs Horsens,2023-07-29
Player,L. Kramer,AaB,RCB,49902872.56325514,49902872.56325514,44233107.26257718,3134100.5791857676,151442,AaB vs Horsens,2023-07-29
Player,R. Thelander,AaB,LCB,42872069.93844802,42872069.93844802,38989374.22490711,2297040.2452204395,151442,AaB vs Horsens,2023-07-29
Player,Allan Sousa,AaB,LW,39431826.45179599,39431826.45179599,33795311.03141423,2559206.325416448,151442,AaB vs Horsens,2023-07-29
Player,J. Buus,Horsens,RWB,39137316.1569434,39137316.1569434,36314005.76467309,1199403.6245184736,91320,AaB vs Horsens,2023-07-29
Player,M. Kiilerich,Horsens,RCB,35621933.73410541,35621933.73410541,30519858.029568564,3402747.4654925824,151442,AaB vs Horsens,2023-07-29
Player,A. Ludwig,Horsens,CB,34724707.104569316,34724707.104569316,31489702.696943346,2722073.363537963,151442,AaB vs Horsens,2023-07-29
Player,M. Lassen,Horsens,SUB,34094024.92765445,34094024.92765445,28225477.301379357,2542828.8455998986,124711,AaB vs Horsens,2023-07-29
Player,A. Sigurdarson,Horsens,LCM,28461241.32290913,28461241.32290913,25233666.11032578,1114977.8112523837,151442,AaB vs Horsens,2023-07-29
Player,A. Poulsen,AaB,SUB,23667197.774851777,23667197.774851777,21549746.73523065,673399.4826755889,56485,AaB vs Horsens,2023-07-29
Player,A. Jacobsen,Horsens,LF,21677101.939442676,21677101.939442676,19229360.795700002,1382040.6361180565,151442,AaB vs Horsens,2023-07-29
Player,L. Andersen,AaB,RW,18215847.92962339,18215847.92962339,15182574.671787841,1255643.2845027668,138591,AaB vs Horsens,2023-07-29
Player,J. Ankersen,Horsens,RCM,17789402.23854261,17789402.23854261,15209264.984879619,1211915.3430363096,118629,AaB vs Horsens,2023-07-29
Player,N. Helenius,AaB,CF,14703744.723965261,14703744.723965261,12508559.991403384,1743510.2170667022,151442,AaB vs Horsens,2023-07-29
Player,M. Widell,AaB,LCM,13136758.134930942,13136758.134930942,12220847.361143915,517350.3159196612,111904,AaB vs Horsens,2023-07-29
Player,M. Hojholt,AaB,CDM,12579426.42173303,12579426.42173303,11967112.272154322,463415.25174781156,151442,AaB vs Horsens,2023-07-29
Player,F. Heiselberg,Horsens,RF,11477483.48349671,11477483.48349671,10410585.708533445,729860.6569247902,91027,AaB vs Horsens,2023-07-29
Player,O. Ross,AaB,RCM,10490982.885524457,10490982.885524457,9019925.19409738,800214.987894578,94882,AaB vs Horsens,2023-07-29
Player,M. Opondo,Horsens,CM,9984068.281334715,9984068.281334715,9077032.711271944,688087.9985867374,118712,AaB vs Horsens,2023-07-29
Player,T. Prica,AaB,SUB,8857675.385470172,8857675.385470172,7089169.690900695,828766.8637190057,39538,AaB vs Horsens,2023-07-29
Player,D. Kruse,Horsens,SUB,7171702.189993443,7171702.189993443,6646540.486700884,351434.7757125286,60122,AaB vs Horsens,2023-07-29
Player,Jean Carlos,Horsens,LWB,6858773.274707892,6858773.274707892,5774092.198199996,477426.44843471324,26731,AaB vs Horsens,2023-07-29
Player,L. Prip,AaB,SUB,6015786.307607256,6015786.307607256,5612608.015587233,227385.66685632832,56560,AaB vs Horsens,2023-07-29
Player,E. Just,Horsens,SUB,5910822.887953596,5910822.887953596,5467025.12169543,156225.43390642776,32813,AaB vs Horsens,2023-07-29
Player,A. Ejupi,Horsens,SUB,5735208.930555111,5735208.930555111,5173202.686194806,440711.83248748805,60415,AaB vs Horsens,2023-07-29
Player,F. Kristensen,Horsens,SUB,3016852.539216185,3016852.539216185,2799206.7456468414,100575.85830848097,32730,AaB vs Horsens,2023-07-29
Player,Pedro Ferreira,AaB,SUB,911243.7855320766,911243.7855320766,899446.2020075526,10704.944004102488,10838,AaB vs Horsens,2023-07-29
Team,None,AaB,None,nan,nan,2668.1229746802824,681.9265327473352,None,AaB vs Horsens,2023-07-29
Team,None,Horsens,None,nan,nan,2305.80623906878,624.0435057315923,None,AaB vs Horsens,2023-07-29
Player,S. John,HB Køge,GK,167856228.64314678,167856228.64314678,81567420.3281343,75651398.44263287,146809,Horsens vs HB Køge,2023-08-04
Player,M. Delac,Horsens,GK,151309828.2486129,151309828.2486129,61290259.23185484,75188866.13151719,146809,Horsens vs HB Køge,2023-08-04
Player,J. Buus,Horsens,RWB,51669053.89048565,51669053.89048565,47877668.762214646,1782980.1984668965,146809,Horsens vs HB Køge,2023-08-04
Player,S. Reese,Horsens,LCB,49692806.91177092,49692806.91177092,43336818.484174445,3010796.1457098057,146809,Horsens vs HB Køge,2023-08-04
Player,D. Bayrak,HB Køge,RB,47626513.27052263,47626513.27052263,42179315.68057061,1980793.7260690124,131800,Horsens vs HB Køge,2023-08-04
Player,C. Jorgensen,HB Køge,LB,44676759.58190068,44676759.58190068,38861426.62353509,2321761.873946577,131667,Horsens vs HB Køge,2023-08-04
Player,M. Gudmann,HB Køge,RCB,43791755.0719945,43791755.0719945,35424961.54881916,4408279.189296244,146809,Horsens vs HB Køge,2023-08-04
Player,N. Cavnic,HB Køge,LCB,37445467.6842814,37445467.6842814,30480581.288656466,4756034.221324383,146809,Horsens vs HB Køge,2023-08-04
Player,A. Saine,Horsens,RCB,32988604.13007664,32988604.13007664,27673531.683773942,3126172.642727635,119886,Horsens vs HB Køge,2023-08-04
Player,Pierre Larsen,HB Køge,RW,31998120.68604925,31998120.68604925,28926412.109424837,1156019.8730011135,146809,Horsens vs HB Køge,2023-08-04
Player,J. Adedeji,HB Køge,LW,31593331.38336436,31593331.38336436,28401703.537763655,1422317.2683112258,116224,Horsens vs HB Køge,2023-08-04
Player,J. Ankersen,Horsens,RAM,28895011.150219943,28895011.150219943,26500447.49605183,1017560.3821974383,146809,Horsens vs HB Køge,2023-08-04
Player,A. Jacobsen,Horsens,LAM,27642569.96541983,27642569.96541983,24462385.810973667,1337704.798254105,120726,Horsens vs HB Køge,2023-08-04
Player,S. Larsen,HB Køge,SUB,20845161.222025774,20845161.222025774,17960701.1059718,1142523.6188257372,53979,Horsens vs HB Køge,2023-08-04
Player,A. Sigurdarson,Horsens,LWB,19174021.102197703,19174021.102197703,16739224.910917843,1081631.360932349,146809,Horsens vs HB Køge,2023-08-04
Player,A. Ludwig,Horsens,CB,17072363.211871102,17072363.211871102,15431249.733155433,1225143.8232758795,69645,Horsens vs HB Køge,2023-08-04
Player,F. Heiselberg,Horsens,ST,16723913.405019604,16723913.405019604,14624516.518444823,1609621.144592844,146809,Horsens vs HB Køge,2023-08-04
Player,M. Kiilerich,Horsens,SUB,16500514.229909938,16500514.229909938,13573469.52353703,2438454.670315345,77164,Horsens vs HB Køge,2023-08-04
Player,E. Semovski,HB Køge,CF,15582017.316439647,15582017.316439647,13860003.121101724,1275108.5849527633,146809,Horsens vs HB Køge,2023-08-04
Player,J. Seehusen,HB Køge,CDM,13156052.214605052,13156052.214605052,12658962.623761186,413484.7304814325,146809,Horsens vs HB Køge,2023-08-04
Player,W. Madsen,HB Køge,LCM,12537958.12523517,12537958.12523517,11730362.286282195,522216.85665799974,131515,Horsens vs HB Køge,2023-08-04
Player,M. Opondo,Horsens,RDM,10329157.249264764,10329157.249264764,9675444.666615512,360706.1994936682,107399,Horsens vs HB Køge,2023-08-04
Player,S. Hald,HB Køge,RCM,9527749.16005703,9527749.16005703,9268927.916005027,185345.08440491208,92830,Horsens vs HB Køge,2023-08-04
Player,A. Ejupi,Horsens,LDM,9426242.404470362,9426242.404470362,8387935.1464356305,830235.3243781087,90401,Horsens vs HB Køge,2023-08-04
Player,B. Alkhoudari,HB Køge,SUB,8849404.023697777,8849404.023697777,8228296.329897764,239224.63120009963,30585,Horsens vs HB Køge,2023-08-04
Player,M. Lassen,Horsens,SUB,6472301.209921096,6472301.209921096,5432817.720290021,474936.4689792183,26923,Horsens vs HB Køge,2023-08-04
Player,E. Just,Horsens,SUB,6427952.286657044,6427952.286657044,5248785.829396823,648535.3997660506,39410,Horsens vs HB Køge,2023-08-04
Player,N. Jakobsen,HB Køge,SUB,4639050.4903816795,4639050.4903816795,3679836.3486563326,373825.6417781746,15142,Horsens vs HB Køge,2023-08-04
Player,D. Kruse,Horsens,SUB,4597239.839066159,4597239.839066159,4317189.050019307,229430.5979381944,56408,Horsens vs HB Køge,2023-08-04
Player,F. Kristensen,Horsens,SUB,2651516.0243802518,2651516.0243802518,2388143.5819183444,148931.78097957003,26083,Horsens vs HB Køge,2023-08-04
Player,I. Dorgu,HB Køge,SUB,2253469.8347695186,2253469.8347695186,2115442.8540351517,110599.78130584919,15009,Horsens vs HB Køge,2023-08-04
Player,T. Pedersen,HB Køge,SUB,1565633.5673449186,1565633.5673449186,1381044.627555726,110815.75947277145,15294,Horsens vs HB Køge,2023-08-04
Team,None,HB Køge,None,nan,nan,2497.976270734024,654.3859660079215,None,Horsens vs HB Køge,2023-08-04
Team,None,Horsens,None,nan,nan,2227.110654999105,643.7732500699819,None,Horsens vs HB Køge,2023-08-04
Player,M. Delac,Horsens,GK,178888916.07823524,178888916.07823524,83615016.94004378,79301043.40957189,145810,SønderjyskE vs Horsens,2023-08-12
Player,N. Flo,SønderjyskE,GK,155373420.600558,155373420.600558,70596491.12291268,72397431.28707965,145810,SønderjyskE vs Horsens,2023-08-12
Player,A. Sigurdarson,Horsens,LWB,49370487.439557776,49370487.439557776,43955730.59786797,1953047.8544533823,145810,SønderjyskE vs Horsens,2023-08-12
Player,S. Reese,Horsens,LCB,45919147.422770195,45919147.422770195,40834160.468366615,2986130.608673022,145810,SønderjyskE vs Horsens,2023-08-12
Player,J. Ankersen,Horsens,RAM,41932642.9264694,41932642.9264694,39199774.92826268,1158889.5683339373,145810,SønderjyskE vs Horsens,2023-08-12
Player,M. Soulas,SønderjyskE,RCB,40127519.27332513,40127519.27332513,33084627.457737967,4125259.635447331,145810,SønderjyskE vs Horsens,2023-08-12
Player,P. Christiansen,SønderjyskE,LW,39430570.89697319,39430570.89697319,34861034.7553471,1824984.8824539178,145810,SønderjyskE vs Horsens,2023-08-12
Player,J. Buus,Horsens,RCB,36319161.45178393,36319161.45178393,33333331.729282655,1262373.95134152,145810,SønderjyskE vs Horsens,2023-08-12
Player,D. Gretarsson,SønderjyskE,LCB,33543559.513809048,33543559.513809048,26927169.317555368,4326571.831334946,145810,SønderjyskE vs Horsens,2023-08-12
Player,J. Thorsen,SønderjyskE,LB,33485286.564305447,33485286.564305447,28482445.473495048,2066405.6917631566,97193,SønderjyskE vs Horsens,2023-08-12
Player,S. Waever,SønderjyskE,RB,31905156.436855752,31905156.436855752,27760842.138725184,1638144.9046582412,97068,SønderjyskE vs Horsens,2023-08-12
Player,M. Larsen,Horsens,RWB,27786541.662608054,27786541.662608054,23969018.948565833,1444247.406511863,86147,SønderjyskE vs Horsens,2023-08-12
Player,A. Jacobsen,Horsens,LAM,26032597.873750385,26032597.873750385,23273075.388079427,1545758.6956995581,145810,SønderjyskE vs Horsens,2023-08-12
Player,K. Ingason,SønderjyskE,CF,22679763.40676143,22679763.40676143,19659524.923646946,1564674.7397232219,145810,SønderjyskE vs Horsens,2023-08-12
Player,A. Saine,Horsens,CB,22434638.619552925,22434638.619552925,20065466.7214517,1742247.1325137464,86147,SønderjyskE vs Horsens,2023-08-12
Player,M. Agger,SønderjyskE,RW,21686096.40906861,21686096.40906861,19438627.644447353,1120700.0568252553,125276,SønderjyskE vs Horsens,2023-08-12
Player,A. Ludwig,Horsens,SUB,19482983.790264007,19482983.790264007,18219675.573181678,752020.5115865542,59663,SønderjyskE vs Horsens,2023-08-12
Player,M. Dal Hende,SønderjyskE,SUB,18081454.454789065,18081454.454789065,15230565.133532332,1062762.0577150611,48742,SønderjyskE vs Horsens,2023-08-12
Player,C. Remmer,SønderjyskE,SUB,15692007.422919402,15692007.422919402,13822223.518652035,686846.6374523805,48617,SønderjyskE vs Horsens,2023-08-12
Player,F. Heiselberg,Horsens,ST,14144752.561859466,14144752.561859466,11936454.837992497,1651929.982809725,105064,SønderjyskE vs Horsens,2023-08-12
Player,R. Vinderslev,SønderjyskE,CDM,12781669.865290456,12781669.865290456,11560241.260306375,815554.865807254,145810,SønderjyskE vs Horsens,2023-08-12
Player,A. Nehme,Horsens,SUB,11133054.865233593,11133054.865233593,10510113.720174775,254058.7746440104,59663,SønderjyskE vs Horsens,2023-08-12
Player,S. Emini,SønderjyskE,RCM,10148649.636074083,10148649.636074083,9216626.150170391,681448.9757214428,97178,SønderjyskE vs Horsens,2023-08-12
Player,M. Opondo,Horsens,RDM,10080222.656403504,10080222.656403504,9040437.01671084,698078.394256123,104732,SønderjyskE vs Horsens,2023-08-12
Player,A. Ejupi,Horsens,LDM,9555499.434501423,9555499.434501423,9175483.856733968,315017.14485679386,105087,SønderjyskE vs Horsens,2023-08-12
Player,I. Nikolov,SønderjyskE,LCM,9446327.1930515,9446327.1930515,8458538.721512835,700888.5538418435,115542,SønderjyskE vs Horsens,2023-08-12
Player,E. Just,Horsens,SUB,4894631.001163037,4894631.001163037,4529311.9095800975,199030.88330555634,41078,SønderjyskE vs Horsens,2023-08-12
Player,Edmilson dos Santos,Horsens,SUB,4662493.986366216,4662493.986366216,4426676.219320667,88601.39933945543,40746,SønderjyskE vs Horsens,2023-08-12
Player,F. Kristensen,Horsens,SUB,4255502.276904782,4255502.276904782,3938571.421456644,217353.8750814053,40723,SønderjyskE vs Horsens,2023-08-12
Player,A. Oggesen,SønderjyskE,SUB,4206510.89734284,4206510.89734284,3888386.8120254595,205140.11457712195,48632,SønderjyskE vs Horsens,2023-08-12
Player,S. Andreasen,SønderjyskE,SUB,2987434.012905597,2987434.012905597,2851387.1765543674,106758.52567035577,30268,SønderjyskE vs Horsens,2023-08-12
Player,J. Gallegos,SønderjyskE,SUB,1894586.515923979,1894586.515923979,1725616.1266525083,78717.83452217784,20534,SønderjyskE vs Horsens,2023-08-12
Team,None,Horsens,None,nan,nan,2606.2842073731945,655.4408448870503,None,SønderjyskE vs Horsens,2023-08-12
Team,None,SønderjyskE,None,nan,nan,2246.5149697090437,640.5753418462107,None,SønderjyskE vs Horsens,2023-08-12
Player,F. Ibsen,Helsingør,GK,197852492.39598212,197852492.39598212,111337479.75961313,75702129.26572958,147207,Horsens vs Helsingør,2023-08-18
Player,M. Delac,Horsens,GK,144719401.5421531,144719401.5421531,59247463.56045,71995970.17175859,147207,Horsens vs Helsingør,2023-08-18
Player,M. Brems,Helsingør,LB,51457525.09120204,51457525.09120204,41972408.231377125,3733683.81933248,131975,Horsens vs Helsingør,2023-08-18
Player,A. Ekeroth,Horsens,LB,46924817.83856722,46924817.83856722,40874226.78981638,2964397.844320604,147207,Horsens vs Helsingør,2023-08-18
Player,F. Helstrup,Helsingør,LCB,43059932.462875746,43059932.462875746,37169012.90588029,3520215.5547472225,147207,Horsens vs Helsingør,2023-08-18
Player,K. Enghardt,Helsingør,RCB,42157580.345015116,42157580.345015116,36686754.3496564,3515699.455359039,147207,Horsens vs Helsingør,2023-08-18
Player,M. Knudsen,Helsingør,RB,40975594.658264495,40975594.658264495,35701004.22663473,1954831.312164426,116953,Horsens vs Helsingør,2023-08-18
Player,J. Ankersen,Horsens,RB,39238934.07031123,39238934.07031123,34479252.38113747,2471758.149215437,124394,Horsens vs Helsingør,2023-08-18
Player,M. Kiilerich,Horsens,RCB,32290747.945756048,32290747.945756048,27759166.149781182,2955125.8034045,147207,Horsens vs Helsingør,2023-08-18
Player,A. Jacobsen,Horsens,LW,29692801.21833826,29692801.21833826,26027796.348317217,1849955.4522915545,147207,Horsens vs Helsingør,2023-08-18
Player,S. Reese,Horsens,LCB,29223269.950177386,29223269.950177386,25857114.852173515,2336094.401490273,147207,Horsens vs Helsingør,2023-08-18
Player,D. Norouzi,Helsingør,LDM,28059462.659017134,28059462.659017134,25543007.96030891,897914.5676155152,147207,Horsens vs Helsingør,2023-08-18
Player,F. Hasani,Helsingør,CAM,26052667.2222602,26052667.2222602,22207537.93567193,2027800.0107519901,147207,Horsens vs Helsingør,2023-08-18
Player,M. Etim,Helsingør,RW,23365193.136332475,23365193.136332475,20500726.327225763,1395033.5704353054,132221,Horsens vs Helsingør,2023-08-18
Player,S. Yateke,Helsingør,ST,21670215.49838241,21670215.49838241,19876528.00589389,965681.531117942,147207,Horsens vs Helsingør,2023-08-18
Player,F. Heiselberg,Horsens,ST,20695243.49043703,20695243.49043703,18336400.498918395,1307499.067374587,147207,Horsens vs Helsingør,2023-08-18
Player,M. Opondo,Horsens,RW,14783728.96953286,14783728.96953286,12431047.114230338,1412634.1586460073,110966,Horsens vs Helsingør,2023-08-18
Player,N. Bagger,Helsingør,SUB,14070707.130569737,14070707.130569737,12754517.142005084,408370.9375680769,30254,Horsens vs Helsingør,2023-08-18
Player,A. Sigurdarson,Horsens,LDM,13567579.627098473,13567579.627098473,12174802.24648644,994767.471044504,124673,Horsens vs Helsingør,2023-08-18
Player,R. Marcus,Helsingør,RDM,12262011.974138523,12262011.974138523,11833397.197969671,268188.77589762927,98689,Horsens vs Helsingør,2023-08-18
Player,E. Just,Horsens,CAM,11026441.484119697,11026441.484119697,10040705.969013298,547033.6834560956,110908,Horsens vs Helsingør,2023-08-18
Player,A. Ejupi,Horsens,RDM,8597562.683752488,8597562.683752488,8310255.215676394,250259.26940469086,101813,Horsens vs Helsingør,2023-08-18
Player,M. Christensen,Helsingør,SUB,8476677.98935307,8476677.98935307,7551260.254193728,474767.0296045042,48518,Horsens vs Helsingør,2023-08-18
Player,J. Buus,Horsens,SUB,8106917.869543381,8106917.869543381,6482752.479024083,879063.7617588842,36241,Horsens vs Helsingør,2023-08-18
Player,O. Drost,Helsingør,LW,6793461.328560311,6793461.328560311,6220795.690361473,361901.97625368513,69047,Horsens vs Helsingør,2023-08-18
Player,F. Christensen,Helsingør,SUB,5862161.417994782,5862161.417994782,4655075.169638944,1021165.3915521982,78160,Horsens vs Helsingør,2023-08-18
Player,M. Bill,Helsingør,SUB,5569591.242386877,5569591.242386877,4291590.205045231,599208.3175668874,15232,Horsens vs Helsingør,2023-08-18
Player,Edmilson dos Santos,Horsens,SUB,4807740.949165337,4807740.949165337,4155338.397513635,422827.87332224066,36299,Horsens vs Helsingør,2023-08-18
Player,M. Larsen,Horsens,SUB,3422366.1347683114,3422366.1347683114,3054341.7389681293,292497.8990377172,45394,Horsens vs Helsingør,2023-08-18
Player,R. Linden,Helsingør,SUB,3260735.09518873,3260735.09518873,2649350.3458502856,202284.64731246466,14986,Horsens vs Helsingør,2023-08-18
Player,A. Ludwig,Horsens,SUB,2279859.7084631585,2279859.7084631585,1846108.2048864868,425048.50327874953,22813,Horsens vs Helsingør,2023-08-18
Player,M. Lassen,Horsens,SUB,2219250.9372529318,2219250.9372529318,1964155.3711437692,198494.95990103146,22534,Horsens vs Helsingør,2023-08-18
Team,None,Helsingør,None,nan,nan,2723.7186119363887,659.2680793916436,None,Horsens vs Helsingør,2023-08-18
Team,None,Horsens,None,nan,nan,1990.6725041440934,620.2383614210562,None,Horsens vs Helsingør,2023-08-18
Player,M. Delac,Horsens,GK,202971439.66960058,202971439.66960058,109609022.37732038,78255846.30376835,145623,Fredericia vs Horsens,2023-08-22
Player,V. Birkso,Fredericia,GK,126400084.71348517,126400084.71348517,49292997.4127735,66335975.34073305,145623,Fredericia vs Horsens,2023-08-22
Player,A. Ekeroth,Horsens,LB,55521752.015601814,55521752.015601814,50488873.592791244,2357949.9626785326,145623,Fredericia vs Horsens,2023-08-22
Player,M. Kiilerich,Horsens,RCB,49904406.450931534,49904406.450931534,44619635.567526385,3287684.1439336166,145623,Fredericia vs Horsens,2023-08-22
Player,S. Reese,Horsens,LCB,46059506.09669863,46059506.09669863,42429487.47950674,2587713.5261536296,145623,Fredericia vs Horsens,2023-08-22
Player,J. Juelsgard,Fredericia,LCB,41055222.6192289,41055222.6192289,31487776.93663768,5429773.712492097,145623,Fredericia vs Horsens,2023-08-22
Player,A. Sigurdarson,Horsens,RDM,40029483.18396563,40029483.18396563,35879809.377618335,1294288.0592423088,145623,Fredericia vs Horsens,2023-08-22
Player,J. Gertsen,Fredericia,RCB,35468683.72087684,35468683.72087684,28200934.95314543,4965206.4003544245,145623,Fredericia vs Horsens,2023-08-22
Player,Mikkel Juhl Aagaard Andersen,Fredericia,RB,33717362.488212764,33717362.488212764,27996283.199245676,2722330.2713221414,91437,Fredericia vs Horsens,2023-08-22
Player,J. Ankersen,Horsens,RB,28966603.89170993,28966603.89170993,26122499.097278304,1087409.2454318467,97892,Fredericia vs Horsens,2023-08-22
Player,F. Christensen,Fredericia,LB,25933741.398856882,25933741.398856882,22415590.07761757,1421290.6797477014,70586,Fredericia vs Horsens,2023-08-22
Player,N. Ritter,Fredericia,SUB,25817369.7008289,25817369.7008289,21540531.336308204,1923354.561938539,75037,Fredericia vs Horsens,2023-08-22
Player,A. Jacobsen,Horsens,LW,22420310.342892807,22420310.342892807,19014142.157769993,2150721.2682679356,145623,Fredericia vs Horsens,2023-08-22
Player,A. Jakobsen,Fredericia,ST,22180539.399305157,22180539.399305157,19107644.888765845,1644415.276576284,125706,Fredericia vs Horsens,2023-08-22
Player,S. Berger,Fredericia,RM,22094717.29672511,22094717.29672511,19949472.57198657,848293.2834046758,93531,Fredericia vs Horsens,2023-08-22
Player,E. Just,Horsens,CAM,18994195.01338331,18994195.01338331,17507827.127782863,743642.2824730733,133904,Fredericia vs Horsens,2023-08-22
Player,M. Fischer,Fredericia,SUB,17546120.05387786,17546120.05387786,14360961.599170813,1497911.2083792903,54186,Fredericia vs Horsens,2023-08-22
Player,E. Simonsen,Fredericia,CAM,16301701.43924938,16301701.43924938,15076577.552715957,688750.4758926511,145623,Fredericia vs Horsens,2023-08-22
Player,M. Wohlgemuth,Fredericia,LDM,14675194.13208912,14675194.13208912,13190763.124607166,1043882.1142252628,145623,Fredericia vs Horsens,2023-08-22
Player,M. Opondo,Horsens,RW,13985172.784706673,13985172.784706673,10875718.390232349,1596917.2122230888,97892,Fredericia vs Horsens,2023-08-22
Player,G. Marcussen,Fredericia,RDM,13392711.459332118,13392711.459332118,12273466.072604816,794413.1299766927,145623,Fredericia vs Horsens,2023-08-22
Player,T. Bach,Fredericia,LM,12173380.051834395,12173380.051834395,10710781.508198727,782015.18865993,91724,Fredericia vs Horsens,2023-08-22
Player,J. Buus,Horsens,SUB,11830065.054230355,11830065.054230355,9873811.157094913,911566.5904548371,75037,Fredericia vs Horsens,2023-08-22
Player,E. Dall,Fredericia,SUB,10543732.26474935,10543732.26474935,8511776.605520725,1046505.3397032268,52092,Fredericia vs Horsens,2023-08-22
Player,N. Rojkjaer,Fredericia,SUB,9877959.698419679,9877959.698419679,8481643.429252598,732543.5407638531,53899,Fredericia vs Horsens,2023-08-22
Player,A. Ejupi,Horsens,LDM,9563670.583188886,9563670.583188886,8989463.175498027,413531.92476882157,97892,Fredericia vs Horsens,2023-08-22
Player,A. Nehme,Horsens,SUB,8917891.855101118,8917891.855101118,7644544.335050807,454719.6097346964,47731,Fredericia vs Horsens,2023-08-22
Player,Edmilson dos Santos,Horsens,SUB,7719403.526585104,7719403.526585104,7563164.390721346,81607.17647842244,47731,Fredericia vs Horsens,2023-08-22
Player,F. Heiselberg,Horsens,ST,7408535.043405711,7408535.043405711,6213778.120056383,837415.198170312,70586,Fredericia vs Horsens,2023-08-22
Player,M. Larsen,Horsens,SUB,6301533.35070973,6301533.35070973,5592898.6405553045,205125.81378173802,47731,Fredericia vs Horsens,2023-08-22
Player,J. Jessen,Fredericia,SUB,1284147.231010514,1284147.231010514,1102597.3726134326,125713.68770441653,19917,Fredericia vs Horsens,2023-08-22
Player,J. Beluli,Horsens,SUB,787458.5222975066,787458.5222975066,655429.2357626947,105572.56310183935,11719,Fredericia vs Horsens,2023-08-22
Team,None,Horsens,None,nan,nan,2767.970061203099,661.7890778288476,None,Fredericia vs Horsens,2023-08-22
Team,None,Fredericia,None,nan,nan,2085.5208218562216,631.7846371237698,None,Fredericia vs Horsens,2023-08-22
Player,N. Dannevang,Næstved,GK,185421450.46304667,185421450.46304667,100404944.36285098,74244676.49377072,142790,Horsens vs Næstved,2023-08-25
Player,M. Delac,Horsens,GK,129647669.00523655,129647669.00523655,52924834.88230634,65573495.29245193,142790,Horsens vs Næstved,2023-08-25
Player,L. Bust,Næstved,LCB,45781255.239666045,45781255.239666045,40549284.301359154,2761935.801548627,142790,Horsens vs Næstved,2023-08-25
Player,L. Henriksen,Næstved,RB,45477702.545948006,45477702.545948006,40440419.735067025,2155240.1402059416,142790,Horsens vs Næstved,2023-08-25
Player,A. Ekeroth,Horsens,LB,45238880.16533183,45238880.16533183,38050615.785874054,3383388.568381351,142790,Horsens vs Næstved,2023-08-25
Player,C. Enemark,Næstved,RCB,40740272.23580498,40740272.23580498,36090901.12499321,2856613.710884705,142790,Horsens vs Næstved,2023-08-25
Player,A. Saine,Horsens,RCB,36997947.42868718,36997947.42868718,29171835.641167752,4895770.212198218,142790,Horsens vs Næstved,2023-08-25
Player,F. Christensen,Næstved,ST,36207497.46501169,36207497.46501169,29096070.800771885,3321640.159075947,142790,Horsens vs Næstved,2023-08-25
Player,S. Reese,Horsens,LCB,28687554.500178475,28687554.500178475,23334514.698898286,3429467.755453882,113714,Horsens vs Næstved,2023-08-25
Player,C. Friedrich,Næstved,SUB,28190705.599894486,28190705.599894486,25489435.15341761,1172479.5098438219,73617,Horsens vs Næstved,2023-08-25
Player,A. Nehme,Horsens,LW,28114401.56277228,28114401.56277228,24969654.09748218,1388952.7944333954,113487,Horsens vs Næstved,2023-08-25
Player,M. Larsen,Horsens,RB,27463949.159603313,27463949.159603313,22196715.394851428,2133761.4024108895,101434,Horsens vs Næstved,2023-08-25
Player,M. Host,Næstved,LB,22574663.176579844,22574663.176579844,20143898.71293858,896134.6618392392,69173,Horsens vs Næstved,2023-08-25
Player,J. Ankersen,Horsens,RW,21899570.280249994,21899570.280249994,20077702.390585613,850960.3125235438,142790,Horsens vs Næstved,2023-08-25
Player,A. Njai,Næstved,RW,21786089.59638242,21786089.59638242,19166244.002255484,1230087.229336892,102280,Horsens vs Næstved,2023-08-25
Player,M. Carlson,Næstved,RDM,20301012.09270277,20301012.09270277,18806266.899999466,704962.8413504931,142790,Horsens vs Næstved,2023-08-25
Player,S. Dhaflaoui,Næstved,LW,18215316.583278403,18215316.583278403,15954300.96598559,806423.2530783275,115699,Horsens vs Næstved,2023-08-25
Player,A. Jacobsen,Horsens,ST,17571437.23150668,17571437.23150668,15722081.322743587,1448053.591088846,142790,Horsens vs Næstved,2023-08-25
Player,E. Just,Horsens,CAM,15995506.251516007,15995506.251516007,13786930.761080544,1147399.7922743221,126228,Horsens vs Næstved,2023-08-25
Player,A. Sigurdarson,Horsens,LDM,13046636.433364626,13046636.433364626,11910402.644710328,854364.0050864731,125970,Horsens vs Næstved,2023-08-25
Player,S. Trier,Næstved,LDM,12687904.590539996,12687904.590539996,12069823.410639534,475827.3825059374,101882,Horsens vs Næstved,2023-08-25
Player,J. Buus,Horsens,SUB,12387475.481009956,12387475.481009956,9698369.938621363,1864137.0948446982,41356,Horsens vs Næstved,2023-08-25
Player,A. Ejupi,Horsens,RDM,12104560.648380345,12104560.648380345,11273194.165161368,681512.1380585756,142790,Horsens vs Næstved,2023-08-25
Player,J. Madsen,Næstved,CAM,9748937.144243455,9748937.144243455,8460208.109841505,594752.5738399192,69173,Horsens vs Næstved,2023-08-25
Player,M. Molvadgaard,Næstved,SUB,9032919.482371327,9032919.482371327,7464206.03367861,1255637.769935026,73617,Horsens vs Næstved,2023-08-25
Player,M. Holm,Næstved,SUB,7622497.525833101,7622497.525833101,6136685.898566005,622000.902654496,40510,Horsens vs Næstved,2023-08-25
Player,M. Kongstedt,Næstved,SUB,7457128.525926652,7457128.525926652,7070275.423275687,229433.38259636186,40908,Horsens vs Næstved,2023-08-25
Player,A. Ludwig,Horsens,SUB,6061914.310764014,6061914.310764014,4466016.062641892,1073324.5458252653,29076,Horsens vs Næstved,2023-08-25
Player,M. Opondo,Horsens,SUB,4449528.664989453,4449528.664989453,4127285.16463069,222966.95894470738,29303,Horsens vs Næstved,2023-08-25
Player,M. Freitag,Næstved,SUB,2094197.664654767,2094197.664654767,1830896.6256886444,127532.82717858667,27091,Horsens vs Næstved,2023-08-25
Player,F. Heiselberg,Horsens,SUB,1795991.9831840382,1795991.9831840382,1666528.8167273218,74959.91920565382,16820,Horsens vs Næstved,2023-08-25
Player,Edmilson dos Santos,Horsens,SUB,1487064.7502328986,1487064.7502328986,1262358.4974505226,97889.10715200746,16562,Horsens vs Næstved,2023-08-25
Team,None,Næstved,None,nan,nan,2725.4980149963476,654.4952632512459,None,Horsens vs Næstved,2023-08-25
Team,None,Horsens,None,nan,nan,1993.4101846413841,624.1361684315207,None,Horsens vs Næstved,2023-08-25
Player,M. Delac,Horsens,GK,184151414.5455665,184151414.5455665,92894051.23997626,75653119.75392991,142848,Hobro vs Horsens,2023-09-15
Player,J. Fischer,Hobro,GK,138184871.38242263,138184871.38242263,59567798.08666125,67017541.536905885,142848,Hobro vs Horsens,2023-09-15
Player,A. Ekeroth,Horsens,LWB,53346976.925654,53346976.925654,48777208.820402555,2008485.026148283,142848,Hobro vs Horsens,2023-09-15
Player,O. Klitten,Hobro,RB,52398775.3681191,52398775.3681191,45125141.20745945,3328974.959862313,142848,Hobro vs Horsens,2023-09-15
Player,F. Dietz,Hobro,LCB,48226218.11111331,48226218.11111331,38788110.819188155,4698966.717051149,142848,Hobro vs Horsens,2023-09-15
Player,A. Saine,Horsens,RCB,46288775.72152382,46288775.72152382,42050800.98028285,2178509.7568721133,142848,Hobro vs Horsens,2023-09-15
Player,E. Sogaard,Hobro,RCB,43773332.261220954,43773332.261220954,34992111.622765236,3602191.317692931,142848,Hobro vs Horsens,2023-09-15
Player,S. Reese,Horsens,LCB,43415063.17129402,43415063.17129402,39738393.894874185,2201997.2129977383,142848,Hobro vs Horsens,2023-09-15
Player,J. Boge,Hobro,CB,42845058.718102455,42845058.718102455,36560372.68408534,4999750.884463323,142848,Hobro vs Horsens,2023-09-15
Player,L. Klitten,Hobro,LB,42650850.202413976,42650850.202413976,36095578.589731134,2559871.839684825,136919,Hobro vs Horsens,2023-09-15
Player,J. Buus,Horsens,RWB,41628204.53190061,41628204.53190061,36880229.87906227,1810274.4410820063,142848,Hobro vs Horsens,2023-09-15
Player,O. Stanisic,Horsens,CB,31332093.223323222,31332093.223323222,28790923.87785976,1879517.4313199427,142848,Hobro vs Horsens,2023-09-15
Player,J. Ankersen,Horsens,LAM,20358265.192214765,20358265.192214765,17856420.90090075,1128657.090996786,127406,Hobro vs Horsens,2023-09-15
Player,M. Brajanac,Hobro,LF,16337178.283901257,16337178.283901257,13824541.10615776,1633035.4201479016,136820,Hobro vs Horsens,2023-09-15
Player,F. Mortensen,Hobro,RCM,15443722.816253446,15443722.816253446,13944484.77584925,971290.159956228,142848,Hobro vs Horsens,2023-09-15
Player,M. Freundlich,Hobro,CDM,14796241.489867726,14796241.489867726,13311002.411488956,782440.1147220207,120571,Hobro vs Horsens,2023-09-15
Player,A. Ejupi,Horsens,LDM,14603167.192107828,14603167.192107828,12835907.359912198,1404766.6844847302,142848,Hobro vs Horsens,2023-09-15
Player,V. Rasmussen,Hobro,LCM,13794641.743226804,13794641.743226804,12467532.485454924,829122.556999495,120322,Hobro vs Horsens,2023-09-15
Player,M. Larsen,Horsens,RAM,12845597.354929516,12845597.354929516,10530193.633746333,836318.1531844963,102254,Hobro vs Horsens,2023-09-15
Player,Edmilson dos Santos,Horsens,RDM,11752738.821076598,11752738.821076598,11236547.708796069,390846.9741875351,102202,Hobro vs Horsens,2023-09-15
Player,L. Skjellerup,Hobro,RF,11741096.961795744,11741096.961795744,10320952.548469096,1155707.9813897337,106191,Hobro vs Horsens,2023-09-15
Player,F. Heiselberg,Horsens,ST,10631655.642248685,10631655.642248685,8759555.44832879,1466425.6833646798,93183,Hobro vs Horsens,2023-09-15
Player,E. Just,Horsens,SUB,6100507.706988081,6100507.706988081,5197796.611601758,458325.5821714017,40646,Hobro vs Horsens,2023-09-15
Player,A. Jacobsen,Horsens,SUB,5928363.394473627,5928363.394473627,5362875.64740171,408298.0353786044,49665,Hobro vs Horsens,2023-09-15
Player,A. Sigurdarson,Horsens,SUB,5540275.384948647,5540275.384948647,4849681.790581363,265475.44449434377,40594,Hobro vs Horsens,2023-09-15
Player,M. Compaore,Hobro,SUB,4156432.387838149,4156432.387838149,3585336.043774543,357241.05199018936,36657,Hobro vs Horsens,2023-09-15
Player,A. Yoda,Hobro,SUB,3286134.255961545,3286134.255961545,3120016.8207181348,164595.83386028404,22277,Hobro vs Horsens,2023-09-15
Player,C. Horby,Hobro,SUB,2943638.6867242246,2943638.6867242246,2511803.634133513,259420.5707822114,22526,Hobro vs Horsens,2023-09-15
Player,M. Opondo,Horsens,SUB,1363621.8362544714,1363621.8362544714,1181769.2295879428,138717.16946608675,15442,Hobro vs Horsens,2023-09-15
Player,O. Overgaard,Hobro,SUB,1184721.410987831,1184721.410987831,967095.9255585825,125054.77150525012,5929,Hobro vs Horsens,2023-09-15
Player,M. Boye,Hobro,SUB,719674.4190769766,719674.4190769766,599482.4680359345,90566.82295901244,6028,Hobro vs Horsens,2023-09-15
Team,None,Horsens,None,nan,nan,2568.7608998608644,645.6494626462056,None,Hobro vs Horsens,2023-09-15
Team,None,Hobro,None,nan,nan,2280.6154879980727,648.0718843804261,None,Hobro vs Horsens,2023-09-15
Player,M. Bundgaard,Vendsyssel,GK,165875035.57065207,165875035.57065207,86088124.57587372,69381447.29322614,144341,Horsens vs Vendsyssel,2023-09-23
Player,M. Delac,Horsens,GK,151347302.6346597,151347302.6346597,67188942.30788419,70902210.6281686,144341,Horsens vs Vendsyssel,2023-09-23
Player,L. Jensen,Vendsyssel,RW,51105638.73099857,51105638.73099857,43907442.937472776,2793303.892059219,144341,Horsens vs Vendsyssel,2023-09-23
Player,J. Buus,Horsens,RB,46008293.11667543,46008293.11667543,39789865.15142755,2480827.619927239,144341,Horsens vs Vendsyssel,2023-09-23
Player,A. Ekeroth,Horsens,LB,45366940.87481714,45366940.87481714,38956034.04528022,3464567.253536715,144341,Horsens vs Vendsyssel,2023-09-23
Player,O. Jebali,Vendsyssel,LCB,41800642.41268316,41800642.41268316,35539207.6445156,4091435.6283092913,144341,Horsens vs Vendsyssel,2023-09-23
Player,M. Haarup,Vendsyssel,LB,33630353.91546504,33630353.91546504,28900258.4883881,2309227.813982907,100237,Horsens vs Vendsyssel,2023-09-23
Player,T. Baya,Vendsyssel,SUB,33098146.691841345,33098146.691841345,28925902.04618429,1692744.8853339802,94703,Horsens vs Vendsyssel,2023-09-23
Player,M. Jakobsen,Vendsyssel,SUB,32904314.714213677,32904314.714213677,29961204.88811996,2042370.145868257,73668,Horsens vs Vendsyssel,2023-09-23
Player,S. Reese,Horsens,LCB,32306674.37745909,32306674.37745909,28450986.621299088,2923275.4342263797,144341,Horsens vs Vendsyssel,2023-09-23
Player,O. Stanisic,Horsens,RCB,29075749.126972243,29075749.126972243,25384946.51769274,2996908.709139378,128243,Horsens vs Vendsyssel,2023-09-23
Player,A. Sigurdarson,Horsens,LW,25173927.104333557,25173927.104333557,21858238.429294813,1500760.9582009625,144341,Horsens vs Vendsyssel,2023-09-23
Player,B. Rolland,Vendsyssel,RB,21680176.57047823,21680176.57047823,18839539.97046859,1525131.675434398,70673,Horsens vs Vendsyssel,2023-09-23
Player,M. Hannesbo,Vendsyssel,LW,18431023.478803817,18431023.478803817,16424689.34694282,812076.2237605598,70678,Horsens vs Vendsyssel,2023-09-23
Player,C. Lange,Vendsyssel,LCM,17928363.500067715,17928363.500067715,16273370.040627848,781302.1020221903,144341,Horsens vs Vendsyssel,2023-09-23
Player,L. Steffensen,Vendsyssel,CF,17921315.901839837,17921315.901839837,13674179.629766896,2919789.9748222707,144341,Horsens vs Vendsyssel,2023-09-23
Player,J. Ankersen,Horsens,RW,17526774.11564097,17526774.11564097,15498801.688740196,903683.996270747,109286,Horsens vs Vendsyssel,2023-09-23
Player,K. Lunding,Vendsyssel,SUB,15227826.101332178,15227826.101332178,13280759.950683739,582847.2446216485,44104,Horsens vs Vendsyssel,2023-09-23
Player,A. Jacobsen,Horsens,ST,15091551.471859487,15091551.471859487,13067546.115184726,1545367.9894020588,128243,Horsens vs Vendsyssel,2023-09-23
Player,O. Ohlenschlaeger,Vendsyssel,RCM,14672820.656683544,14672820.656683544,12243206.736748734,1261404.9774487966,119242,Horsens vs Vendsyssel,2023-09-23
Player,A. Simon Okosun,Vendsyssel,CDM,14437583.725298362,14437583.725298362,12599809.120949972,1333440.1363829544,144341,Horsens vs Vendsyssel,2023-09-23
Player,O. Buch,Vendsyssel,SUB,14135351.1877769,14135351.1877769,11736951.659642799,945143.4434695253,73663,Horsens vs Vendsyssel,2023-09-23
Player,A. Ejupi,Horsens,LDM,13567791.764525572,13567791.764525572,12808437.91471425,680525.2925335212,144341,Horsens vs Vendsyssel,2023-09-23
Player,M. Larsen,Horsens,RDM,12356415.625222255,12356415.625222255,10517965.87537656,599579.237977296,109121,Horsens vs Vendsyssel,2023-09-23
Player,M. Greve,Vendsyssel,RCB,11731025.832053876,11731025.832053876,9486931.850972744,1305223.6329802265,49638,Horsens vs Vendsyssel,2023-09-23
Player,E. Just,Horsens,CAM,11358479.329615237,11358479.329615237,9164122.078550138,1033572.4036471087,93766,Horsens vs Vendsyssel,2023-09-23
Player,A. Saine,Horsens,SUB,6773678.7157219,6773678.7157219,5016301.605217228,823752.8091765213,35055,Horsens vs Vendsyssel,2023-09-23
Player,F. Heiselberg,Horsens,SUB,6615097.887913646,6615097.887913646,5698446.282773604,593009.1160240371,50575,Horsens vs Vendsyssel,2023-09-23
Player,G. Dahl,Vendsyssel,SUB,4088888.570372307,4088888.570372307,3825507.3155486886,119806.59458119949,25099,Horsens vs Vendsyssel,2023-09-23
Player,Edmilson dos Santos,Horsens,SUB,2830600.7562953555,2830600.7562953555,2675189.0657328996,118069.64744843172,35220,Horsens vs Vendsyssel,2023-09-23
Player,A. Ludwig,Horsens,SUB,1989816.5654004188,1989816.5654004188,1697465.0763212806,265455.324845751,16098,Horsens vs Vendsyssel,2023-09-23
Player,H. Toftegaard,Horsens,SUB,1200516.9304825072,1200516.9304825072,1068649.0459930936,82117.5453579895,16098,Horsens vs Vendsyssel,2023-09-23
Team,None,Vendsyssel,None,nan,nan,2644.4813753743283,650.5199192489068,None,Horsens vs Vendsyssel,2023-09-23
Team,None,Horsens,None,nan,nan,2070.3884400237685,629.8534994623301,None,Horsens vs Vendsyssel,2023-09-23
Player,M. Delac,Horsens,GK,173710791.64157817,173710791.64157817,78272216.48753779,79838351.94509284,144397,Horsens vs B 93,2023-09-01
Player,A. Vaporakis,B 93,GK,141792165.8360276,141792165.8360276,62757096.28287569,68847597.9643412,144397,Horsens vs B 93,2023-09-01
Player,Abdullah Iqbal,B 93,LB,61567076.614678636,61567076.614678636,50749962.56839011,5394295.767992967,144397,Horsens vs B 93,2023-09-01
Player,Moller,B 93,RB,52667270.27754085,52667270.27754085,44261766.454949364,3402440.9001457775,138765,Horsens vs B 93,2023-09-01
Player,A. Ekeroth,Horsens,LB,48512530.96694073,48512530.96694073,43470623.59407274,1926366.6178123169,144397,Horsens vs B 93,2023-09-01
Player,S. Reese,Horsens,LCB,47172243.87566988,47172243.87566988,42768439.800605565,2558001.0006037275,144397,Horsens vs B 93,2023-09-01
Player,M. Larsen,Horsens,RB,42304572.12196017,42304572.12196017,38189566.77581984,1926400.2439784484,144397,Horsens vs B 93,2023-09-01
Player,O. Stanisic,Horsens,RCB,40338987.48523515,40338987.48523515,36418450.82252493,2426148.407195572,124003,Horsens vs B 93,2023-09-01
Player,O. Soe,B 93,LCB,32864640.878164038,32864640.878164038,26305350.406920947,4527825.307699727,144397,Horsens vs B 93,2023-09-01
Player,J. Egeris,B 93,RCB,32687404.22015101,32687404.22015101,26317741.654405143,4138589.4830382243,144397,Horsens vs B 93,2023-09-01
Player,J. Erenbjerg,B 93,RW,26966730.871443722,26966730.871443722,24400553.166420903,836427.1947288098,144397,Horsens vs B 93,2023-09-01
Player,A. Bustamante,B 93,LW,22797572.713393178,22797572.713393178,20508201.607385844,964663.6219358149,98704,Horsens vs B 93,2023-09-01
Player,E. Just,Horsens,CAM,20486233.024419278,20486233.024419278,18092681.010964554,1208010.2095082072,144397,Horsens vs B 93,2023-09-01
Player,A. Nehme,Horsens,LW,18773306.701576278,18773306.701576278,17255992.912948094,600656.5913037006,90538,Horsens vs B 93,2023-09-01
Player,J. Buus,Horsens,SUB,17042609.886177488,17042609.886177488,14550627.997410163,786656.8284405551,53859,Horsens vs B 93,2023-09-01
Player,A. Jacobsen,Horsens,ST,15518009.428683465,15518009.428683465,13470260.7823504,1127969.1008876045,144397,Horsens vs B 93,2023-09-01
Player,M. Mouritz,B 93,LDM,15413763.508269573,15413763.508269573,14273494.363377957,635753.0397973505,144397,Horsens vs B 93,2023-09-01
Player,A. Saine,Horsens,SUB,15365422.597452238,15365422.597452238,14430554.75051296,542748.5264725754,42143,Horsens vs B 93,2023-09-01
Player,J. Ankersen,Horsens,RW,14260557.642716192,14260557.642716192,13054560.43506458,637755.8088015078,90538,Horsens vs B 93,2023-09-01
Player,N. Thomsen,B 93,RDM,12762340.360636571,12762340.360636571,12233804.330920745,414949.71346227755,138661,Horsens vs B 93,2023-09-01
Player,T. Bany,B 93,CAM,12386547.682391193,12386547.682391193,11017968.182764225,624424.6446478596,112660,Horsens vs B 93,2023-09-01
Player,A. Sigurdarson,Horsens,RDM,12105176.867028136,12105176.867028136,10624278.01981667,1053121.9947746976,102323,Horsens vs B 93,2023-09-01
Player,J. Mathys,B 93,ST,11372604.784545606,11372604.784545606,10172202.688376095,687146.4703817536,99122,Horsens vs B 93,2023-09-01
Player,A. Ejupi,Horsens,LDM,10082576.650432684,10082576.650432684,9738000.569234872,280684.64111842297,102254,Horsens vs B 93,2023-09-01
Player,F. Isaki,B 93,SUB,7421438.439592464,7421438.439592464,6401357.308226142,372000.91785356373,45693,Horsens vs B 93,2023-09-01
Player,A. Ludwig,Horsens,SUB,6753728.83190094,6753728.83190094,6155626.706114783,336175.06117314746,20394,Horsens vs B 93,2023-09-01
Player,Edmilson dos Santos,Horsens,SUB,4752574.620453445,4752574.620453445,4512149.174853792,111580.90205343072,53859,Horsens vs B 93,2023-09-01
Player,N. Morberg,B 93,SUB,3887048.4534565527,3887048.4534565527,3655636.850801988,178738.88026054265,45275,Horsens vs B 93,2023-09-01
Player,S. Clemmensen,B 93,SUB,3431553.010959656,3431553.010959656,2879204.7275232933,293339.79804573575,31737,Horsens vs B 93,2023-09-01
Player,F. Heiselberg,Horsens,SUB,3318304.3902017404,3318304.3902017404,2675633.327593233,547552.5143557338,42074,Horsens vs B 93,2023-09-01
Player,S. Kroner,B 93,SUB,1558840.8383216858,1558840.8383216858,1290943.3652702738,150312.56710617218,5736,Horsens vs B 93,2023-09-01
Player,E. Christensen,B 93,SUB,451764.69025314617,451764.69025314617,433922.38264049095,17842.30761265476,5632,Horsens vs B 93,2023-09-01
Team,None,Horsens,None,nan,nan,2518.6095498344903,664.197873872573,None,Horsens vs B 93,2023-09-01
Team,None,B 93,None,nan,nan,2199.9017039221385,633.575133687346,None,Horsens vs B 93,2023-09-01
Player,J. Posavec,AaB,GK,160298639.0915689,160298639.0915689,70324980.4919558,76534321.10413907,144195,Horsens vs AaB,2023-10-06
Player,M. Delac,Horsens,GK,159538789.7312384,159538789.7312384,70014941.19888699,75031060.44409671,144195,Horsens vs AaB,2023-10-06
Player,J. Buus,Horsens,RB,56544959.57339383,56544959.57339383,50683163.42510938,2324834.497426518,144195,Horsens vs AaB,2023-10-06
Player,K. Jorgensen,AaB,RWB,47713199.05286223,47713199.05286223,40471546.61445001,2817219.647324947,144195,Horsens vs AaB,2023-10-06
Player,S. Otoa,AaB,LCB,46266945.19652731,46266945.19652731,39971271.23102949,3710072.2725165286,144195,Horsens vs AaB,2023-10-06
Player,A. Ekeroth,Horsens,LB,38336493.49886032,38336493.49886032,34497180.66622564,1937008.0797739427,106986,Horsens vs AaB,2023-10-06
Player,L. Kramer,AaB,RCB,38081097.93329213,38081097.93329213,32953201.435801078,2502895.81117997,144195,Horsens vs AaB,2023-10-06
Player,S. Reese,Horsens,LCB,37860408.29911281,37860408.29911281,34025504.81361493,2244192.0240361714,144195,Horsens vs AaB,2023-10-06
Player,O. Stanisic,Horsens,RCB,36449058.528732814,36449058.528732814,32409212.70073666,2745879.966670418,144195,Horsens vs AaB,2023-10-06
Player,Diego Caballo,AaB,LWB,29185105.43146217,29185105.43146217,23839292.68905473,2077652.4377820117,97673,Horsens vs AaB,2023-10-06
Player,R. Thelander,AaB,CB,27157608.181740746,27157608.181740746,23372831.30088519,2974049.1932933414,144195,Horsens vs AaB,2023-10-06
Player,E. Just,Horsens,RW,24743578.17252815,24743578.17252815,22737816.751410116,955605.2535197048,144195,Horsens vs AaB,2023-10-06
Player,J. Ahlmann,AaB,SUB,21761578.78329148,21761578.78329148,19151767.240199506,1286788.0656931475,46594,Horsens vs AaB,2023-10-06
Player,M. Hojholt,AaB,LCM,21297564.392960586,21297564.392960586,20711543.545590464,402298.68625841395,144195,Horsens vs AaB,2023-10-06
Player,M. Widell,AaB,LW,20337791.208121028,20337791.208121028,18184704.828243766,953271.481225273,97601,Horsens vs AaB,2023-10-06
Player,A. Saine,Horsens,SUB,19548185.67278526,19548185.67278526,17727783.340024173,1138398.499312559,49049,Horsens vs AaB,2023-10-06
Player,J. Ankersen,Horsens,LW,17686334.78817435,17686334.78817435,16574595.985676281,559119.9630039122,95146,Horsens vs AaB,2023-10-06
Player,A. Jacobsen,Horsens,ST,16487964.028691346,16487964.028691346,14737405.190873224,1305797.547983338,144195,Horsens vs AaB,2023-10-06
Player,O. Ross,AaB,CF,15484548.71375911,15484548.71375911,12556743.869577585,1567812.1849621683,97673,Horsens vs AaB,2023-10-06
Player,E. Toku,AaB,RW,10932194.005048972,10932194.005048972,9890903.275583861,519153.16927769274,69120,Horsens vs AaB,2023-10-06
Player,M. Opondo,Horsens,CAM,10705338.70513833,10705338.70513833,9491233.171596784,810352.0831930338,131559,Horsens vs AaB,2023-10-06
Player,M. Larsen,Horsens,RDM,9824392.987495681,9824392.987495681,8769487.234757608,406453.1536815339,95301,Horsens vs AaB,2023-10-06
Player,R. Odada,AaB,RCM,9543792.623801548,9543792.623801548,9166449.723244451,333352.83859552466,115475,Horsens vs AaB,2023-10-06
Player,A. Ejupi,Horsens,LDM,8505122.505048024,8505122.505048024,8048798.419565044,399914.315762505,95146,Horsens vs AaB,2023-10-06
Player,Y. Bakiz,AaB,SUB,8449999.457776971,8449999.457776971,7483798.479818275,367943.37257086916,75075,Horsens vs AaB,2023-10-06
Player,A. Nehme,Horsens,SUB,7346921.548151875,7346921.548151875,6121107.946971475,443515.61157978355,37209,Horsens vs AaB,2023-10-06
Player,A. Sigurdarson,Horsens,SUB,6628263.301351465,6628263.301351465,5745319.949553898,382229.6096074596,49049,Horsens vs AaB,2023-10-06
Player,T. Prica,AaB,SUB,6615184.4875475345,6615184.4875475345,5868974.011610815,434227.64962018584,46522,Horsens vs AaB,2023-10-06
Player,L. Andersen,AaB,SUB,6550727.676598932,6550727.676598932,5743483.651019671,294040.63192041137,46522,Horsens vs AaB,2023-10-06
Player,F. Heiselberg,Horsens,SUB,5224229.959520977,5224229.959520977,4327457.3010582505,710276.2949700915,48894,Horsens vs AaB,2023-10-06
Player,Pedro Ferreira,AaB,SUB,3759769.1730776094,3759769.1730776094,3585171.749037852,105950.72590159926,28720,Horsens vs AaB,2023-10-06
Player,H. Toftegaard,Horsens,SUB,1058409.7364482929,1058409.7364482929,821424.9142541252,91465.38854274676,12636,Horsens vs AaB,2023-10-06
Team,None,AaB,None,nan,nan,2380.641937217675,671.875233345567,None,Horsens vs AaB,2023-10-06
Team,None,Horsens,None,nan,nan,2335.2573460266935,634.4609919426108,None,Horsens vs AaB,2023-10-06
Player,M. Delac,Horsens,GK,176753177.5767219,176753177.5767219,87356427.95304093,74777516.19944793,144407,Vendsyssel vs Horsens,2023-10-19
Player,M. Bundgaard,Vendsyssel,GK,168594994.43781608,168594994.43781608,86834281.68364297,70136910.69153263,144407,Vendsyssel vs Horsens,2023-10-19
Player,R. Frantsen,Vendsyssel,RB,58311189.53173344,58311189.53173344,51662830.86507549,3018659.012065035,144407,Vendsyssel vs Horsens,2023-10-19
Player,A. Ekeroth,Horsens,LB,57455869.42948081,57455869.42948081,52825545.232029386,2029395.7656309882,144407,Vendsyssel vs Horsens,2023-10-19
Player,J. Buus,Horsens,RB,57438333.52825159,57438333.52825159,51252210.60399658,2522086.4754529484,144407,Vendsyssel vs Horsens,2023-10-19
Player,M. Hannesbo,Vendsyssel,LB,45235741.455992006,45235741.455992006,39621720.27726508,2813578.741629324,144407,Vendsyssel vs Horsens,2023-10-19
Player,O. Stanisic,Horsens,RCB,42147062.16890951,42147062.16890951,37121695.79127031,3065576.5106857936,144407,Vendsyssel vs Horsens,2023-10-19
Player,L. Jensen,Vendsyssel,RW,38094780.503003806,38094780.503003806,33591659.78649727,1774537.8846641951,128230,Vendsyssel vs Horsens,2023-10-19
Player,S. Reese,Horsens,LCB,35585233.020376116,35585233.020376116,31666310.161333457,2555668.6707758275,144407,Vendsyssel vs Horsens,2023-10-19
Player,E. Nielsen,Vendsyssel,LCB,30486527.48160431,30486527.48160431,25882389.948521234,3112804.690986229,144407,Vendsyssel vs Horsens,2023-10-19
Player,M. Greve,Vendsyssel,RCB,25670642.328810543,25670642.328810543,22025013.098738447,2627830.5695954366,144407,Vendsyssel vs Horsens,2023-10-19
Player,O. Buch,Vendsyssel,LW,23307193.0900864,23307193.0900864,20366501.00545317,1470940.788048492,121777,Vendsyssel vs Horsens,2023-10-19
Player,A. Jacobsen,Horsens,ST,22102416.96325373,22102416.96325373,18840646.804703027,2040620.4043028331,144407,Vendsyssel vs Horsens,2023-10-19
Player,A. Sigurdarson,Horsens,RW,20927056.235162243,20927056.235162243,18575070.78544207,1349675.5956046693,130569,Vendsyssel vs Horsens,2023-10-19
Player,J. Ankersen,Horsens,LW,17073674.11632586,17073674.11632586,15399159.581471132,842255.9811277302,130482,Vendsyssel vs Horsens,2023-10-19
Player,M. Larsen,Horsens,RDM,16993838.915511053,16993838.915511053,15340583.159312665,781749.6874583794,144407,Vendsyssel vs Horsens,2023-10-19
Player,C. Lange,Vendsyssel,LCM,15890094.567261992,15890094.567261992,14247228.4852506,793520.6824545196,144407,Vendsyssel vs Horsens,2023-10-19
Player,O. Ohlenschlaeger,Vendsyssel,RCM,13263098.288901784,13263098.288901784,11570071.50247747,674647.0797125086,128036,Vendsyssel vs Horsens,2023-10-19
Player,L. Steffensen,Vendsyssel,CF,13160044.688853675,13160044.688853675,10597558.294339797,1646347.2194369982,121896,Vendsyssel vs Horsens,2023-10-19
Player,A. Simon Okosun,Vendsyssel,CDM,13018464.034065338,13018464.034065338,11218945.294968378,1204691.1355616578,144407,Vendsyssel vs Horsens,2023-10-19
Player,M. Opondo,Horsens,CAM,12758914.490222761,12758914.490222761,10266501.841696035,1442534.548201028,144407,Vendsyssel vs Horsens,2023-10-19
Player,E. Just,Horsens,SUB,9697735.378412308,9697735.378412308,8868205.991717517,345118.91197891405,73748,Vendsyssel vs Horsens,2023-10-19
Player,K. Lunding,Vendsyssel,SUB,6951291.698874956,6951291.698874956,6482092.400478432,197248.99942756654,22630,Vendsyssel vs Horsens,2023-10-19
Player,A. Ejupi,Horsens,LDM,6360610.1547610825,6360610.1547610825,5846886.330829729,426170.7876325984,70659,Vendsyssel vs Horsens,2023-10-19
Player,A. Nehme,Horsens,SUB,2946824.111165838,2946824.111165838,2353461.36570645,126502.39806880917,13925,Vendsyssel vs Horsens,2023-10-19
Player,B. Smales-Braithwaite,Vendsyssel,SUB,2716469.1468390226,2716469.1468390226,2485738.6238418403,33027.59640105442,16371,Vendsyssel vs Horsens,2023-10-19
Player,Z. Dalugge,Vendsyssel,SUB,2371735.744602381,2371735.744602381,2074001.582043533,173250.54703872214,22511,Vendsyssel vs Horsens,2023-10-19
Player,M. Jakobsen,Vendsyssel,SUB,1410068.3519294744,1410068.3519294744,1332468.061985846,9746.328788103565,16177,Vendsyssel vs Horsens,2023-10-19
Player,F. Kristensen,Horsens,SUB,1009024.1258558175,1009024.1258558175,940843.5499145581,57841.219320682416,13838,Vendsyssel vs Horsens,2023-10-19
Team,None,Horsens,None,nan,nan,2469.7801986915324,639.5999719936931,None,Vendsyssel vs Horsens,2023-10-19
Team,None,Vendsyssel,None,nan,nan,2354.404571181263,621.0761387422073,None,Vendsyssel vs Horsens,2023-10-19
Player,M. Delac,Horsens,GK,168503103.06850755,168503103.06850755,80012522.67696923,74913639.8274144,145947,Horsens vs Hillerød,2023-10-27
Player,W. Lykke,Hillerød,GK,163675130.8591177,163675130.8591177,79493282.93897596,72692895.46289644,145947,Horsens vs Hillerød,2023-10-27
Player,A. Ekeroth,Horsens,LB,60079527.43762177,60079527.43762177,54556462.08160935,2743130.20902014,145947,Horsens vs Hillerød,2023-10-27
Player,L. Boje-Larsen,Hillerød,LB,56410419.028706774,56410419.028706774,49174916.96442276,3407187.2347589275,145947,Horsens vs Hillerød,2023-10-27
Player,S. Sharif,Hillerød,RB,54527228.34381799,54527228.34381799,47491446.30663962,2885745.5612917556,145947,Horsens vs Hillerød,2023-10-27
Player,J. Buus,Horsens,RB,43741162.99007422,43741162.99007422,38747305.32152027,2122230.906021255,126530,Horsens vs Hillerød,2023-10-27
Player,O. Stanisic,Horsens,RCB,35534013.312827624,35534013.312827624,30394293.21550656,2838208.9020235217,145947,Horsens vs Hillerød,2023-10-27
Player,G. Arndal-Lauritzen,Hillerød,LCB,34393343.72637865,34393343.72637865,28904830.300274327,3817039.583816776,145947,Horsens vs Hillerød,2023-10-27
Player,S. Reese,Horsens,LCB,33183937.072794367,33183937.072794367,28671692.053599074,2855608.474789959,126087,Horsens vs Hillerød,2023-10-27
Player,A. Sigurdarson,Horsens,LW,33138464.073496047,33138464.073496047,29516937.08495554,1317211.2364161063,145947,Horsens vs Hillerød,2023-10-27
Player,J. Witt,Hillerød,RCB,32850032.590235777,32850032.590235777,28355358.372059386,2849684.5104884,145947,Horsens vs Hillerød,2023-10-27
Player,J. Ankersen,Horsens,RW,30164164.472340662,30164164.472340662,27547758.988406062,1228625.1802250764,145947,Horsens vs Hillerød,2023-10-27
Player,A. Jacobsen,Horsens,ST,24473518.17772553,24473518.17772553,21059572.60581129,2181800.2644862514,145947,Horsens vs Hillerød,2023-10-27
Player,T. Arndal,Hillerød,RW,21595651.080671046,21595651.080671046,19035511.693489235,984269.0696438182,127843,Horsens vs Hillerød,2023-10-27
Player,S. Pingel,Hillerød,CAM,18631612.13464139,18631612.13464139,16003550.099827599,1535181.036948781,145947,Horsens vs Hillerød,2023-10-27
Player,E. Just,Horsens,RAM,16687734.13021872,16687734.13021872,15445504.352365054,654334.3039635438,145947,Horsens vs Hillerød,2023-10-27
Player,A. Hassan,Hillerød,LW,14583073.335887626,14583073.335887626,12370003.532780264,1246777.855201903,98157,Horsens vs Hillerød,2023-10-27
Player,M. Due Grandt,Hillerød,RDM,14442236.360955508,14442236.360955508,13750680.432504464,554919.7366756067,145947,Horsens vs Hillerød,2023-10-27
Player,N. Schmidt,Hillerød,LDM,14215383.538554205,14215383.538554205,13235948.777383663,664768.2880369913,145947,Horsens vs Hillerød,2023-10-27
Player,V. Schousboe,Hillerød,ST,13978881.558595002,13978881.558595002,11626003.32448852,1629547.5460661526,127110,Horsens vs Hillerød,2023-10-27
Player,M. Larsen,Horsens,CDM,12925293.5835777,12925293.5835777,11287076.462648569,679844.6621347262,104578,Horsens vs Hillerød,2023-10-27
Player,M. Opondo,Horsens,LAM,11375088.831969509,11375088.831969509,9490462.927859455,1187308.1370207898,120890,Horsens vs Hillerød,2023-10-27
Player,M. Al-Atlassi,Hillerød,SUB,6136382.939437499,6136382.939437499,5085384.816473988,550234.3887923129,41369,Horsens vs Hillerød,2023-10-27
Player,F. Heiselberg,Horsens,SUB,6105361.70879635,6105361.70879635,5335917.94428363,530865.5888391574,41369,Horsens vs Hillerød,2023-10-27
Player,A. Saine,Horsens,SUB,4006240.065695374,4006240.065695374,3753866.663027283,166747.03524763495,19417,Horsens vs Hillerød,2023-10-27
Player,A. Pedersen,Hillerød,SUB,3618610.516855819,3618610.516855819,3120190.26304753,285646.4540900906,18837,Horsens vs Hillerød,2023-10-27
Player,M. Julo,Hillerød,SUB,2338070.1102621867,2338070.1102621867,2103441.8946295525,142756.7908394783,18104,Horsens vs Hillerød,2023-10-27
Player,F. Kristensen,Horsens,SUB,1679219.0169720151,1679219.0169720151,1435702.1817077335,157358.5118182717,19860,Horsens vs Hillerød,2023-10-27
Player,A. Ahmad,Hillerød,SUB,458862.10226282105,458862.10226282105,422364.872419193,35.74035407568225,6421,Horsens vs Hillerød,2023-10-27
Team,None,Horsens,None,nan,nan,2447.8411653563817,641.1705155941637,None,Horsens vs Hillerød,2023-10-27
Team,None,Hillerød,None,nan,nan,2262.279557575201,638.9078861497997,None,Horsens vs Hillerød,2023-10-27
